{
    "splitLngNum": 100,
    "splitLatNum": 45,
    "splitInterval": 10,
    "splitTimeNum": 144,
    "gridWidth": 0.0015449499999999716,
    "area": {
        "minLat": 27.958246,
        "maxLat": 28.027669,
        "minLng": 120.593029,
        "maxLng": 120.747524
    },
    "panelGridNum": 4500
}